{
  "model_version": "test_v1",
  "model_name": "ALSRecommender",
  "model_type": "ALSRecommender",
  "mlflow_run_id": "test-export-run",
  "exported_at": "2026-01-08T16:39:08.141257",
  "metrics": {
    "precision@5": 0.06346153846153846,
    "precision@10": 0.05384615384615384,
    "recall@5": 0.02431985098464702,
    "recall@10": 0.06022519376643725,
    "ndcg@5": 0.0690197283923604,
    "ndcg@10": 0.07285398509724679,
    "hit@5": 0.23076923076923078,
    "hit@10": 0.2980769230769231,
    "mrr": 0.14275412087912087,
    "n_users_evaluated": 104
  },
  "hyperparameters": {
    "name": "ALSRecommender",
    "factors": 64,
    "regularization": 0.01,
    "iterations": 10,
    "alpha": 1.0,
    "random_state": 42
  }
}
